Workbook

Sheet plots
A1: date | B1: =VLOOKUP($A1,'existing_gw_inflows_1921-2003'!$A$1:$AH$1129,$D$1,FALSE) -> central valley | C1: extension | D1: 34 | E1: Scroll to change basin
A2: 7975 | B2: =VLOOKUP($A2,'existing_gw_inflows_1921-2003'!$A$1:$AH$1129,$D$1,FALSE) -> 411.3 | C2: =VLOOKUP($A2,'extended_recharge_2003-2015'!$A$1:$AH$265,$D$1,FALSE) -> #N/A | I2: =_xlfn.CONCAT("1921-",IF(D1<23,"2003",IF(D1<34,"1993","2003"))," mean: ",TEXT(AVERAGEIF(B2:B985,">0"),"0.00")," taf/m") -> 1921-2003 mean: 375.20 taf/m
A3: 8005 | B3: =VLOOKUP($A3,'existing_gw_inflows_1921-2003'!$A$1:$AH$1129,$D$1,FALSE) -> 654.61 | C3: =VLOOKUP($A3,'extended_recharge_2003-2015'!$A$1:$AH$265,$D$1,FALSE) -> #N/A | I3: =_xlfn.CONCAT(IF(D1<23,"2003",IF(D1<34,"1993","2003")),"-2015 mean: ",TEXT(AVERAGEIF(C986:C1129,">0"),"0.00")," taf/m") -> 2003-2015 mean: 348.57 taf/m
A4: 8036 | B4: =VLOOKUP($A4,'existing_gw_inflows_1921-2003'!$A$1:$AH$1129,$D$1,FALSE) -> 1182.97 | C4: =VLOOKUP($A4,'extended_recharge_2003-2015'!$A$1:$AH$265,$D$1,FALSE) -> #N/A
A5: 8067 | B5: =VLOOKUP($A5,'existing_gw_inflows_1921-2003'!$A$1:$AH$1129,$D$1,FALSE) -> 554.93 | C5: =VLOOKUP($A5,'extended_recharge_2003-2015'!$A$1:$AH$265,$D$1,FALSE) -> #N/A
A6: 8095 | B6: =VLOOKUP($A6,'existing_gw_inflows_1921-2003'!$A$1:$AH$1129,$D$1,FALSE) -> 1212.58 | C6: =VLOOKUP($A6,'extended_recharge_2003-2015'!$A$1:$AH$265,$D$1,FALSE) -> #N/A
A7: 8126 | B7: =VLOOKUP($A7,'existing_gw_inflows_1921-2003'!$A$1:$AH$1129,$D$1,FALSE) -> 455.95 | C7: =VLOOKUP($A7,'extended_recharge_2003-2015'!$A$1:$AH$265,$D$1,FALSE) -> #N/A
A8: 8156 | B8: =VLOOKUP($A8,'existing_gw_inflows_1921-2003'!$A$1:$AH$1129,$D$1,FALSE) -> 523.79 | C8: =VLOOKUP($A8,'extended_recharge_2003-2015'!$A$1:$AH$265,$D$1,FALSE) -> #N/A
A9: 8187 | B9: =VLOOKUP($A9,'existing_gw_inflows_1921-2003'!$A$1:$AH$1129,$D$1,FALSE) -> 1205.78 | C9: =VLOOKUP($A9,'extended_recharge_2003-2015'!$A$1:$AH$265,$D$1,FALSE) -> #N/A
A10: 8217 | B10: =VLOOKUP($A10,'existing_gw_inflows_1921-2003'!$A$1:$AH$1129,$D$1,FALSE) -> 561.33 | C10: =VLOOKUP($A10,'extended_recharge_2003-2015'!$A$1:$AH$265,$D$1,FALSE) -> #N/A
A11: 8248 | B11: =VLOOKUP($A11,'existing_gw_inflows_1921-2003'!$A$1:$AH$1129,$D$1,FALSE) -> -259.29 | C11: =VLOOKUP($A11,'extended_recharge_2003-2015'!$A$1:$AH$265,$D$1,FALSE) -> #N/A
A12: 8279 | B12: =VLOOKUP($A12,'existing_gw_inflows_1921-2003'!$A$1:$AH$1129,$D$1,FALSE) -> -82.28 | C12: =VLOOKUP($A12,'extended_recharge_2003-2015'!$A$1:$AH$265,$D$1,FALSE) -> #N/A
A13: 8309 | B13: =VLOOKUP($A13,'existing_gw_inflows_1921-2003'!$A$1:$AH$1129,$D$1,FALSE) -> 22.02 | C13: =VLOOKUP($A13,'extended_recharge_2003-2015'!$A$1:$AH$265,$D$1,FALSE) -> #N/A
A14: 8340 | B14: =VLOOKUP($A14,'existing_gw_inflows_1921-2003'!$A$1:$AH$1129,$D$1,FALSE) -> 167.56 | C14: =VLOOKUP($A14,'extended_recharge_2003-2015'!$A$1:$AH$265,$D$1,FALSE) -> #N/A
A15: 8370 | B15: =VLOOKUP($A15,'existing_gw_inflows_1921-2003'!$A$1:$AH$1129,$D$1,FALSE) -> 334.87 | C15: =VLOOKUP($A15,'extended_recharge_2003-2015'!$A$1:$AH$265,$D$1,FALSE) -> #N/A
... A25: 8674 | B25: =VLOOKUP($A25,'existing_gw_inflows_1921-2003'!$A$1:$AH$1129,$D$1,FALSE) -> 75.16 | C25: =VLOOKUP($A25,'extended_recharge_2003-2015'!$A$1:$AH$265,$D$1,FALSE) -> #N/A
A26: 8705 | B26: =VLOOKUP($A26,'existing_gw_inflows_1921-2003'!$A$1:$AH$1129,$D$1,FALSE) -> 163.26 | C26: =VLOOKUP($A26,'extended_recharge_2003-2015'!$A$1:$AH$265,$D$1,FALSE) -> #N/A | D26: 9
A27: 8735 | B27: =VLOOKUP($A27,'existing_gw_inflows_1921-2003'!$A$1:$AH$1129,$D$1,FALSE) -> 73.54 | C27: =VLOOKUP($A27,'extended_recharge_2003-2015'!$A$1:$AH$265,$D$1,FALSE) -> #N/A
A28: 8766 | B28: =VLOOKUP($A28,'existing_gw_inflows_1921-2003'!$A$1:$AH$1129,$D$1,FALSE) -> 108.29 | C28: =VLOOKUP($A28,'extended_recharge_2003-2015'!$A$1:$AH$265,$D$1,FALSE) -> #N/A
A29: 8797 | B29: =VLOOKUP($A29,'existing_gw_inflows_1921-2003'!$A$1:$AH$1129,$D$1,FALSE) -> 175.85 | C29: =VLOOKUP($A29,'extended_recharge_2003-2015'!$A$1:$AH$265,$D$1,FALSE) -> #N/A
A30: 8826 | B30: =VLOOKUP($A30,'existing_gw_inflows_1921-2003'!$A$1:$AH$1129,$D$1,FALSE) -> 238.02 | C30: =VLOOKUP($A30,'extended_recharge_2003-2015'!$A$1:$AH$265,$D$1,FALSE) -> #N/A
A31: 8857 | B31: =VLOOKUP($A31,'existing_gw_inflows_1921-2003'!$A$1:$AH$1129,$D$1,FALSE) -> 132.48 | C31: =VLOOKUP($A31,'extended_recharge_2003-2015'!$A$1:$AH$265,$D$1,FALSE) -> #N/A
A32: 8887 | B32: =VLOOKUP($A32,'existing_gw_inflows_1921-2003'!$A$1:$AH$1129,$D$1,FALSE) -> 185.34 | C32: =VLOOKUP($A32,'extended_recharge_2003-2015'!$A$1:$AH$265,$D$1,FALSE) -> #N/A
A33: 8918 | B33: =VLOOKUP($A33,'existing_gw_inflows_1921-2003'!$A$1:$AH$1129,$D$1,FALSE) -> 205.28 | C33: =VLOOKUP($A33,'extended_recharge_2003-2015'!$A$1:$AH$265,$D$1,FALSE) -> #N/A
A34: 8948 | B34: =VLOOKUP($A34,'existing_gw_inflows_1921-2003'!$A$1:$AH$1129,$D$1,FALSE) -> 96.57 | C34: =VLOOKUP($A34,'extended_recharge_2003-2015'!$A$1:$AH$265,$D$1,FALSE) -> #N/A
A35: 8979 | B35: =VLOOKUP($A35,'existing_gw_inflows_1921-2003'!$A$1:$AH$1129,$D$1,FALSE) -> 181.96 | C35: =VLOOKUP($A35,'extended_recharge_2003-2015'!$A$1:$AH$265,$D$1,FALSE) -> #N/A
A36: 9010 | B36: =VLOOKUP($A36,'existing_gw_inflows_1921-2003'!$A$1:$AH$1129,$D$1,FALSE) -> 199.86 | C36: =VLOOKUP($A36,'extended_recharge_2003-2015'!$A$1:$AH$265,$D$1,FALSE) -> #N/A
A37: 9040 | B37: =VLOOKUP($A37,'existing_gw_inflows_1921-2003'!$A$1:$AH$1129,$D$1,FALSE) -> 131.89 | C37: =VLOOKUP($A37,'extended_recharge_2003-2015'!$A$1:$AH$265,$D$1,FALSE) -> #N/A
A38: 9071 | B38: =VLOOKUP($A38,'existing_gw_inflows_1921-2003'!$A$1:$AH$1129,$D$1,FALSE) -> 279.68 | C38: =VLOOKUP($A38,'extended_recharge_2003-2015'!$A$1:$AH$265,$D$1,FALSE) -> #N/A
... A1129: 42277 | B1129: =VLOOKUP($A1129,'existing_gw_inflows_1921-2003'!$A$1:$AH$1129,$D$1,FALSE) -> #N/A | C1129: =VLOOKUP($A1129,'extended_recharge_2003-2015'!$A$1:$AH$265,$D$1,FALSE) -> 335.54249

Sheet existing_gw_inflows_1921-2003
A1: date | B1: gw_01 | C1: gw_02 | D1: gw_03 | E1: gw_04 | F1: gw_05 | G1: gw_06 | H1: gw_07 | I1: gw_08 | J1: gw_09 | K1: gw_10 | L1: gw_11 | M1: gw_12 | N1: gw_13 | O1: gw_14 | P1: gw_15 | Q1: gw_16 | R1: gw_17 | S1: gw_18 | T1: gw_19 | U1: gw_20 | V1: gw_21 | W1: gw_vc | X1: gw_sd | Y1: gw_ew | Z1: gw_av | AA1: gw_ch | AB1: gw_im | AC1: gw_mj | AD1: gw_ow | AE1: gw_sc | AF1: gw_mwd | AG1: gw_sbv | AH1: central valley
A2: 7975 | B2: 96.63 | C2: 141.14 | D2: 71.89 | E2: -29.14 | F2: 22.14 | G2: 69.15 | H2: 10.92 | I2: 38.7 | J2: -31.37 | K2: 10.34 | L2: 22.78 | M2: -5.47 | N2: 0.99 | O2: 66.93 | P2: -556.22 | Q2: 77.7 | R2: 20.04 | S2: 15.17 | T2: 171.53 | U2: 32 | V2: 165.45 | W2: 22.19 | X2: 11.19 | Y2: 11.03 | Z2: 0 | AA2: 0.86 | AB2: 2.39 | AC2: 0 | AD2: 3.86 | AE2: 9.87 | AF2: 65.81 | AG2: 16.42 | AH2: =SUM(B2:V2) -> 411.3
A3: 8005 | B3: 56.45 | C3: 76.47 | D3: 46.97 | E3: -0.41 | F3: 22.28 | G3: 33.7 | H3: 5.68 | I3: 24.58 | J3: -9.85 | K3: 12.66 | L3: 8.14 | M3: -3.55 | N3: 4.96 | O3: 47.21 | P3: 10.38 | Q3: 46.4 | R3: 12.34 | S3: 8.17 | T3: 113.43 | U3: 22.47 | V3: 116.13 | W3: 15.43 | X3: 10.57 | Y3: 9.36 | Z3: 0 | AA3: 0.57 | AB3: 0 | AC3: 5.41 | AD3: 2.88 | AE3: 16.89 | AF3: 60.46 | AG3: 12.92 | AH3: =SUM(B3:V3) -> 654.61
A4: 8036 | B4: 39.84 | C4: 58.81 | D4: 58.29 | E4: 69.07 | F4: 59.74 | G4: 78.23 | H4: 20.61 | I4: 32.84 | J4: 86.65 | K4: 80.04 | L4: 43.85 | M4: 41.6 | N4: 62.59 | O4: 38.57 | P4: 91.45 | Q4: 34.73 | R4: 12.91 | S4: 64.93 | T4: 101.53 | U4: 19.8 | V4: 86.89 | W4: 11.73 | X4: 12.26 | Y4: 12.27 | Z4: 29.79 | AA4: 49.32 | AB4: 8.18 | AC4: 6.02 | AD4: 2.97 | AE4: 15.73 | AF4: 69.56 | AG4: 11.2 | AH4: =SUM(B4:V4) -> 1182.97
A5: 8067 | B5: 28.79 | C5: 39.56 | D5: 23.07 | E5: 2.46 | F5: 4.95 | G5: 16.51 | H5: 3.76 | I5: 23.95 | J5: 35.68 | K5: 1.02 | L5: 22.49 | M5: 5.19 | N5: 19.64 | O5: 31.9 | P5: 54.75 | Q5: 25.4 | R5: 14.51 | S5: 34.69 | T5: 79.21 | U5: 17.98 | V5: 69.42 | W5: 4.26 | X5: 9.38 | Y5: 8.18 | Z5: 8.75 | AA5: 15.77 | AB5: 6.18 | AC5: 16.29 | AD5: 3.06 | AE5: 36.36 | AF5: 71.25 | AG5: 9.88 | AH5: =SUM(B5:V5) -> 554.93
A6: 8095 | B6: 27.07 | C6: 47.48 | D6: 51.65 | E6: 83.15 | F6: 90.46 | G6: 124.31 | H6: 34.18 | I6: 54.4 | J6: 110.52 | K6: 59.97 | L6: 67.77 | M6: 43.37 | N6: 83.14 | O6: 28.56 | P6: 70.68 | Q6: 23.66 | R6: 18.96 | S6: 43.74 | T6: 73.8 | U6: 17.03 | V6: 58.68 | W6: 0 | X6: 2.96 | Y6: 3.21 | Z6: 0 | AA6: 3.01 | AB6: 5.95 | AC6: 8.67 | AD6: 3.49 | AE6: 36.76 | AF6: 59.39 | AG6: 10.08 | AH6: =SUM(B6:V6) -> 1212.58
A7: 8126 | B7: 22.1 | C7: 28.79 | D7: 9.16 | E7: 0.76 | F7: 12.14 | G7: -6.78 | H7: 9.58 | I7: 29.03 | J7: 7.08 | K7: -5.24 | L7: 8.86 | M7: 2.11 | N7: 26.09 | O7: 26.61 | P7: 73.42 | Q7: 21.49 | R7: 13.49 | S7: 40.11 | T7: 60.06 | U7: 15.03 | V7: 62.06 | W7: 0 | X7: 3.79 | Y7: 2.94 | Z7: 0.96 | AA7: 3.15 | AB7: 0.56 | AC7: 15.69 | AD7: 5.27 | AE7: 22.68 | AF7: 70.09 | AG7: 10.69 | AH7: =SUM(B7:V7) -> 455.95
A8: 8156 | B8: 18.88 | C8: 21.65 | D8: 22.2 | E8: 15.15 | F8: 54.46 | G8: 0.86 | H8: 15.23 | I8: 29.79 | J8: 13.49 | K8: 9.31 | L8: 20.87 | M8: 10.46 | N8: 25.77 | O8: 24.76 | P8: 72.85 | Q8: 18.11 | R8: 12.78 | S8: 16.71 | T8: 51.46 | U8: 16.76 | V8: 52.24 | W8: 0 | X8: 4.59 | Y8: 4.09 | Z8: 0 | AA8: 0 | AB8: 0.22 | AC8: 5.46 | AD8: 6 | AE8: 9.84 | AF8: 86.72 | AG8: 14.64 | AH8: =SUM(B8:V8) -> 523.79
A9: 8187 | B9: 13.53 | C9: 17.37 | D9: 10.83 | E9: 3.4 | F9: 82.39 | G9: -1.22 | H9: 24.18 | I9: 34.21 | J9: 71.22 | K9: 108.28 | L9: 117.71 | M9: 94.72 | N9: 88.52 | O9: 50.12 | P9: 247.29 | Q9: 23.07 | R9: 12.76 | S9: 56.92 | T9: 75.76 | U9: 15.38 | V9: 59.34 | W9: 4.88 | X9: 7.54 | Y9: 6.36 | Z9: 0 | AA9: 0 | AB9: 0 | AC9: 0 | AD9: 7.67 | AE9: 2.94 | AF9: 97.94 | AG9: 17.69 | AH9: =SUM(B9:V9) -> 1205.78
A10: 8217 | B10: 6.33 | C10: 9.96 | D10: 0.7 | E10: -53.63 | F10: -66.2 | G10: -29.38 | H10: -4.54 | I10: 25.05 | J10: 18.52 | K10: 22.37 | L10: 31.41 | M10: 40.47 | N10: 50.21 | O10: 71.17 | P10: 214.06 | Q10: 24.47 | R10: 18.16 | S10: 50.94 | T10: 62.82 | U10: 10.19 | V10: 58.25 | W10: 18.62 | X10: 12.84 | Y10: 12.41 | Z10: 0 | AA10: 0 | AB10: 0 | AC10: 0 | AD10: 7.25 | AE10: 0.33 | AF10: 107.19 | AG10: 22.83 | AH10: =SUM(B10:V10) -> 561.33
A11: 8248 | B11: 3.23 | C11: 7.68 | D11: -1.82 | E11: -64.91 | F11: -74.61 | G11: -40.66 | H11: -19.26 | I11: 6.47 | J11: -55.15 | K11: -81.46 | L11: -105.85 | M11: -77.32 | N11: -20.09 | O11: 48.92 | P11: 45.22 | Q11: 11.2 | R11: 9 | S11: 19.94 | T11: 61.59 | U11: 13.36 | V11: 55.23 | W11: 30.39 | X11: 18.02 | Y11: 17.93 | Z11: 0 | AA11: 1 | AB11: 0.11 | AC11: 0 | AD11: 6.14 | AE11: 1 | AF11: 116.73 | AG11: 24.8 | AH11: =SUM(B11:V11) -> -259.29
A12: 8279 | B12: 1.78 | C12: 7.02 | D12: 1.92 | E12: -37.31 | F12: -16.6 | G12: -25.66 | H12: -7.91 | I12: 4.91 | J12: -47.26 | K12: -58.3 | L12: -55.38 | M12: -38.88 | N12: -31.02 | O12: 41.65 | P12: 36.88 | Q12: 4.46 | R12: 4.48 | S12: 11.72 | T12: 56.68 | U12: 11.56 | V12: 52.98 | W12: 31.47 | X12: 20.32 | Y12: 20.38 | Z12: 0 | AA12: 0 | AB12: 2.17 | AC12: 0 | AD12: 5.6 | AE12: 0 | AF12: 118.71 | AG12: 23.65 | AH12: =SUM(B12:V12) -> -82.28
A13: 8309 | B13: 1.76 | C13: 7.07 | D13: 3.55 | E13: -12.41 | F13: -5.83 | G13: -8.2 | H13: 1.49 | I13: 9.34 | J13: -17.13 | K13: -27.52 | L13: -22.15 | M13: -17.3 | N13: -11.6 | O13: 18.43 | P13: 5.8 | Q13: 5.22 | R13: 5.88 | S13: 3.86 | T13: 40.1 | U13: 11.08 | V13: 30.58 | W13: 26.1 | X13: 19.29 | Y13: 19.13 | Z13: 0 | AA13: 0 | AB13: 0 | AC13: 0 | AD13: 4.96 | AE13: 1.08 | AF13: 110.57 | AG13: 20.17 | AH13: =SUM(B13:V13) -> 22.02
... A985: 37894 | B985: 1.23 | C985: 26.96 | D985: 1.21 | E985: -16.42 | F985: -3.35 | G985: 5.45 | H985: 17.12 | I985: 47.61 | J985: 2.04 | K985: 7.16 | L985: 1.01 | M985: 10.74 | N985: 38.13 | O985: 24.34 | P985: 36.81 | Q985: 6.45 | R985: 23.16 | S985: -7.59 | T985: 11 | U985: 17.44 | V985: 21.23 | W985: 26.1 | X985: 18.73 | Y985: 18.67 | Z985: 0.97 | AA985: 5.68 | AB985: 0.95 | AC985: 2.27 | AD985: 4.73 | AE985: 0 | AF985: 108.49 | AG985: 20.17 | AH985: =SUM(B985:V985) -> 271.73

Sheet extended_recharge_2003-2015
A1: date | B1: gw_01 | C1: gw_02 | D1: gw_03 | E1: gw_04 | F1: gw_05 | G1: gw_06 | H1: gw_07 | I1: gw_08 | J1: gw_09 | K1: gw_10 | L1: gw_11 | M1: gw_12 | N1: gw_13 | O1: gw_14 | P1: gw_15 | Q1: gw_16 | R1: gw_17 | S1: gw_18 | T1: gw_19 | U1: gw_20 | V1: gw_21 | W1: gw_vc | X1: gw_sd | Y1: gw_ew | Z1: gw_av | AA1: gw_ch | AB1: gw_im | AC1: gw_mj | AD1: gw_ow | AE1: gw_sc | AF1: gw_mwd | AG1: gw_sbv | AH1: central valley
A2: 34273 | B2: #N/A | C2: #N/A | D2: #N/A | E2: #N/A | F2: #N/A | G2: #N/A | H2: #N/A | I2: #N/A | J2: #N/A | K2: #N/A | L2: #N/A | M2: #N/A | N2: #N/A | O2: #N/A | P2: #N/A | Q2: #N/A | R2: #N/A | S2: #N/A | T2: #N/A | U2: #N/A | V2: #N/A | W2: 21.871374 | X2: 34.237675 | Y2: 34.50676 | Z2: 3.857597 | AA2: 7.7683287 | AB2: 2.114956 | AC2: 5.0674186 | AD2: 2.54956 | AE2: 6.439652 | AF2: 90.74891 | AG2: 16.451096 | AH2: =SUM(B2:V2) -> #N/A
A3: 34303 | B3: #N/A | C3: #N/A | D3: #N/A | E3: #N/A | F3: #N/A | G3: #N/A | H3: #N/A | I3: #N/A | J3: #N/A | K3: #N/A | L3: #N/A | M3: #N/A | N3: #N/A | O3: #N/A | P3: #N/A | Q3: #N/A | R3: #N/A | S3: #N/A | T3: #N/A | U3: #N/A | V3: #N/A | W3: 15.723259 | X3: 26.030184 | Y3: 25.059002 | Z3: 8.135777 | AA3: 9.74623 | AB3: 1.326998 | AC3: 6.3764386 | AD3: 1.9304383 | AE3: 19.537123 | AF3: 62.024242 | AG3: 12.948066 | AH3: =SUM(B3:V3) -> #N/A
A4: 34334 | B4: #N/A | C4: #N/A | D4: #N/A | E4: #N/A | F4: #N/A | G4: #N/A | H4: #N/A | I4: #N/A | J4: #N/A | K4: #N/A | L4: #N/A | M4: #N/A | N4: #N/A | O4: #N/A | P4: #N/A | Q4: #N/A | R4: #N/A | S4: #N/A | T4: #N/A | U4: #N/A | V4: #N/A | W4: 11.548182 | X4: 24.230064 | Y4: 24.380075 | Z4: 6.6131706 | AA4: 14.045876 | AB4: 3.1878486 | AC4: 3.1082306 | AD4: 1.5775268 | AE4: 32.06341 | AF4: 56.85647 | AG4: 11.252831 | AH4: =SUM(B4:V4) -> #N/A
A5: 34365 | B5: #N/A | C5: #N/A | D5: #N/A | E5: #N/A | F5: #N/A | G5: #N/A | H5: #N/A | I5: #N/A | J5: #N/A | K5: #N/A | L5: #N/A | M5: #N/A | N5: #N/A | O5: #N/A | P5: #N/A | Q5: #N/A | R5: #N/A | S5: #N/A | T5: #N/A | U5: #N/A | V5: #N/A | W5: 4.426858 | X5: 28.829979 | Y5: 28.533644 | Z5: 13.602692 | AA5: 10.965436 | AB5: 4.506493 | AC5: 17.1744 | AD5: 1.7060796 | AE5: 39.98139 | AF5: 67.217255 | AG5: 9.709321 | AH5: =SUM(B5:V5) -> #N/A
A6: 34393 | B6: #N/A | C6: #N/A | D6: #N/A | E6: #N/A | F6: #N/A | G6: #N/A | H6: #N/A | I6: #N/A | J6: #N/A | K6: #N/A | L6: #N/A | M6: #N/A | N6: #N/A | O6: #N/A | P6: #N/A | Q6: #N/A | R6: #N/A | S6: #N/A | T6: #N/A | U6: #N/A | V6: #N/A | W6: 0.3378278 | X6: 21.973269 | Y6: 23.303251 | Z6: 13.272818 | AA6: 7.800194 | AB6: 5.9124403 | AC6: 13.942471 | AD6: 2.720912 | AE6: 28.297247 | AF6: 57.093353 | AG6: 9.797642 | AH6: =SUM(B6:V6) -> #N/A
A7: 34424 | B7: #N/A | C7: #N/A | D7: #N/A | E7: #N/A | F7: #N/A | G7: #N/A | H7: #N/A | I7: #N/A | J7: #N/A | K7: #N/A | L7: #N/A | M7: #N/A | N7: #N/A | O7: #N/A | P7: #N/A | Q7: #N/A | R7: #N/A | S7: #N/A | T7: #N/A | U7: #N/A | V7: #N/A | W7: 0.12868544 | X7: 23.730965 | Y7: 23.548643 | Z7: 4.0629616 | AA7: 1.7345904 | AB7: 3.4133432 | AC7: 13.968452 | AD7: 3.6903062 | AE7: 11.070486 | AF7: 67.66758 | AG7: 10.850901 | AH7: =SUM(B7:V7) -> #N/A
A8: 34454 | B8: #N/A | C8: #N/A | D8: #N/A | E8: #N/A | F8: #N/A | G8: #N/A | H8: #N/A | I8: #N/A | J8: #N/A | K8: #N/A | L8: #N/A | M8: #N/A | N8: #N/A | O8: #N/A | P8: #N/A | Q8: #N/A | R8: #N/A | S8: #N/A | T8: #N/A | U8: #N/A | V8: #N/A | W8: -0.19322467 | X8: 24.901785 | Y8: 25.674072 | Z8: 0.8840143 | AA8: 5.668923 | AB8: 0.60516423 | AC8: -1.0090711 | AD8: 5.4202137 | AE8: 5.2255793 | AF8: 81.23825 | AG8: 14.458074 | AH8: =SUM(B8:V8) -> #N/A
A9: 34485 | B9: #N/A | C9: #N/A | D9: #N/A | E9: #N/A | F9: #N/A | G9: #N/A | H9: #N/A | I9: #N/A | J9: #N/A | K9: #N/A | L9: #N/A | M9: #N/A | N9: #N/A | O9: #N/A | P9: #N/A | Q9: #N/A | R9: #N/A | S9: #N/A | T9: #N/A | U9: #N/A | V9: #N/A | W9: 5.2186975 | X9: 33.280865 | Y9: 34.510742 | Z9: 1.0222042 | AA9: 6.250248 | AB9: 1.1904258 | AC9: -2.0146475 | AD9: 8.882938 | AE9: 4.5844316 | AF9: 90.61618 | AG9: 17.614422 | AH9: =SUM(B9:V9) -> #N/A
A10: 34515 | B10: #N/A | C10: #N/A | D10: #N/A | E10: #N/A | F10: #N/A | G10: #N/A | H10: #N/A | I10: #N/A | J10: #N/A | K10: #N/A | L10: #N/A | M10: #N/A | N10: #N/A | O10: #N/A | P10: #N/A | Q10: #N/A | R10: #N/A | S10: #N/A | T10: #N/A | U10: #N/A | V10: #N/A | W10: 17.746855 | X10: 36.745384 | Y10: 41.286743 | Z10: 0.52024686 | AA10: 2.1276238 | AB10: 0.5396043 | AC10: -2.0504618 | AD10: 9.715684 | AE10: 1.7422831 | AF10: 101.72225 | AG10: 22.361197 | AH10: =SUM(B10:V10) -> #N/A
A11: 34546 | B11: #N/A | C11: #N/A | D11: #N/A | E11: #N/A | F11: #N/A | G11: #N/A | H11: #N/A | I11: #N/A | J11: #N/A | K11: #N/A | L11: #N/A | M11: #N/A | N11: #N/A | O11: #N/A | P11: #N/A | Q11: #N/A | R11: #N/A | S11: #N/A | T11: #N/A | U11: #N/A | V11: #N/A | W11: 29.997274 | X11: 34.96327 | Y11: 43.488667 | Z11: 0.42083076 | AA11: 5.2642384 | AB11: 0.4474291 | AC11: 0.5346273 | AD11: 9.450683 | AE11: 1.046264 | AF11: 110.3139 | AG11: 24.716736 | AH11: =SUM(B11:V11) -> #N/A
A12: 34577 | B12: #N/A | C12: #N/A | D12: #N/A | E12: #N/A | F12: #N/A | G12: #N/A | H12: #N/A | I12: #N/A | J12: #N/A | K12: #N/A | L12: #N/A | M12: #N/A | N12: #N/A | O12: #N/A | P12: #N/A | Q12: #N/A | R12: #N/A | S12: #N/A | T12: #N/A | U12: #N/A | V12: #N/A | W12: 31.963167 | X12: 36.998253 | Y12: 44.66628 | Z12: 1.7241063 | AA12: 0.7240051 | AB12: 0.46418583 | AC12: 2.6025705 | AD12: 5.764818 | AE12: 2.484692 | AF12: 112.55769 | AG12: 23.873682 | AH12: =SUM(B12:V12) -> #N/A
A13: 34607 | B13: #N/A | C13: #N/A | D13: #N/A | E13: #N/A | F13: #N/A | G13: #N/A | H13: #N/A | I13: #N/A | J13: #N/A | K13: #N/A | L13: #N/A | M13: #N/A | N13: #N/A | O13: #N/A | P13: #N/A | Q13: #N/A | R13: #N/A | S13: #N/A | T13: #N/A | U13: #N/A | V13: #N/A | W13: 26.832727 | X13: 30.818027 | Y13: 38.385254 | Z13: 0.9444799 | AA13: 1.713572 | AB13: 0.7017208 | AC13: 3.1341667 | AD13: 3.9035819 | AE13: 2.6437056 | AF13: 108.59364 | AG13: 19.99197 | AH13: =SUM(B13:V13) -> #N/A
... A121: 37894 | B121: #N/A | C121: #N/A | D121: #N/A | E121: #N/A | F121: #N/A | G121: #N/A | H121: #N/A | I121: #N/A | J121: #N/A | K121: #N/A | L121: #N/A | M121: #N/A | N121: #N/A | O121: #N/A | P121: #N/A | Q121: #N/A | R121: #N/A | S121: #N/A | T121: #N/A | U121: #N/A | V121: #N/A | W121: 26.839758 | X121: 3.501778 | Y121: 20.074682 | Z121: 4.428056 | AA121: 4.642988 | AB121: 0.7912726 | AC121: 3.5981715 | AD121: 5.2462735 | AE121: 2.5813096 | AF121: 94.58767 | AG121: 20.527807 | AH121: =SUM(B121:V121) -> #N/A
A122: 37925 | B122: 1.3685629 | C122: 26.754108 | D122: 2.2593985 | E122: -3.5846508 | F122: 4.818509 | G122: 36.090237 | H122: 18.054737 | I122: 46.652557 | J122: 21.625952 | K122: 18.659613 | L122: 25.52821 | M122: 14.989055 | N122: 51.09339 | O122: 21.103441 | P122: 64.50372 | Q122: 4.8935905 | R122: 18.228695 | S122: 19.31541 | T122: 19.36185 | U122: 15.315273 | V122: 24.403263 | W122: 22.200682 | X122: 4.9927564 | Y122: 20.492958 | Z122: 5.3987126 | AA122: 8.03223 | AB122: 3.9211159 | AC122: 6.290967 | AD122: 3.704743 | AE122: 13.215246 | AF122: 86.430405 | AG122: 16.525621 | AH122: =SUM(B122:V122) -> 451.43492
A123: 37955 | B123: -0.17777371 | C123: 27.228287 | D123: 19.277822 | E123: 18.565145 | F123: 18.07959 | G123: 53.426556 | H123: 20.897732 | I123: 49.707245 | J123: 33.445847 | K123: 15.520018 | L123: 16.101717 | M123: 9.935389 | N123: 51.0237 | O123: 20.84394 | P123: 70.10394 | Q123: 4.7206545 | R123: 19.810274 | S123: 28.63377 | T123: 21.576971 | U123: 11.184931 | V123: 20.42872 | W123: 15.925618 | X123: 4.366281 | Y123: 18.37841 | Z123: 6.6019397 | AA123: 8.3838005 | AB123: 2.9371328 | AC123: 6.9304786 | AD123: 2.46426 | AE123: 22.923231 | AF123: 64.67093 | AG123: 12.980929 | AH123: =SUM(B123:V123) -> 530.33447
A124: 37986 | B124: 0.74819213 | C124: 29.684435 | D124: 27.01362 | E124: 45.34725 | F124: 24.606016 | G124: 74.1482 | H124: 24.533842 | I124: 46.093163 | J124: 39.202103 | K124: 21.589897 | L124: 7.672148 | M124: 10.357313 | N124: 40.61301 | O124: 18.363922 | P124: 38.996723 | Q124: 2.2771611 | R124: 12.565558 | S124: 28.275137 | T124: 10.710248 | U124: 10.788595 | V124: 18.099262 | W124: 11.350642 | X124: 4.1911974 | Y124: 16.182896 | Z124: 4.6168003 | AA124: 2.6816204 | AB124: 2.8687093 | AC124: 4.333617 | AD124: 2.0411098 | AE124: 24.195473 | AF124: 59.628983 | AG124: 11.109076 | AH124: =SUM(B124:V124) -> 531.68579
A125: 38017 | B125: 0.49646723 | C125: 30.536335 | D125: 8.377606 | E125: 5.917155 | F125: 23.295614 | G125: 26.38841 | H125: 12.626642 | I125: 42.50186 | J125: 22.03242 | K125: 8.501382 | L125: 4.0888085 | M125: 5.0835576 | N125: 37.016518 | O125: 18.39034 | P125: 24.489767 | Q125: 4.8052387 | R125: 15.78137 | S125: 7.735031 | T125: 16.12907 | U125: 9.5884495 | V125: 23.030039 | W125: 4.301629 | X125: 4.4383693 | Y125: 15.79832 | Z125: 3.9974415 | AA125: 3.7096412 | AB125: 2.338992 | AC125: 5.4301662 | AD125: 1.8474847 | AE125: 27.08557 | AF125: 69.07176 | AG125: 9.760869 | AH125: =SUM(B125:V125) -> 346.81208
A126: 38046 | B126: 0.02880851 | C126: 22.510693 | D126: -11.776416 | E126: -32.985332 | F126: 6.128364 | G126: -11.829907 | H126: 11.644066 | I126: 37.581 | J126: 7.654941 | K126: -1.2123984 | L126: 1.8711684 | M126: -0.68583804 | N126: 30.467443 | O126: 20.550858 | P126: 15.834975 | Q126: 2.978308 | R126: 15.7003 | S126: -11.04137 | T126: 19.370943 | U126: 9.157222 | V126: 19.440022 | W126: -0.024928827 | X126: 5.759281 | Y126: 16.256668 | Z126: 2.3412821 | AA126: 3.3113928 | AB126: 1.8873992 | AC126: 4.5491676 | AD126: 2.1206124 | AE126: 20.986382 | AF126: 66.90318 | AG126: 10.230556 | AH126: =SUM(B126:V126) -> 151.38785
A127: 38077 | B127: 0.527503 | C127: 21.323227 | D127: -6.6888385 | E127: -27.56675 | F127: 0.21121763 | G127: -10.375011 | H127: 13.491072 | I127: 38.35738 | J127: 8.271602 | K127: 7.641497 | L127: 6.451832 | M127: 5.23903 | N127: 32.600933 | O127: 14.41661 | P127: 51.766277 | Q127: 3.9241128 | R127: 14.82252 | S127: -2.9277232 | T127: 14.881299 | U127: 9.637644 | V127: 21.90646 | W127: 0.2165788 | X127: 5.7690883 | Y127: 16.427351 | Z127: 1.6092287 | AA127: 3.77506 | AB127: 1.5831984 | AC127: 3.386413 | AD127: 3.475809 | AE127: 11.1529 | AF127: 73.21297 | AG127: 10.967705 | AH127: =SUM(B127:V127) -> 217.91189
A128: 38107 | B128: 3.1096375 | C128: 23.66593 | D128: 0.08744535 | E128: 8.954406 | F128: 20.10053 | G128: 1.9513419 | H128: 15.09849 | I128: 45.460117 | J128: 4.8020186 | K128: 3.9308991 | L128: 8.453041 | M128: 6.839366 | N128: 29.791437 | O128: 19.763071 | P128: 47.627174 | Q128: 3.4075458 | R128: 17.017813 | S128: 4.0415134 | T128: 21.335491 | U128: 11.647738 | V128: 21.36648 | W128: 0.73969775 | X128: 6.8970203 | Y128: 18.40778 | Z128: 1.0473104 | AA128: 4.1598387 | AB128: 0.8953826 | AC128: 2.5851698 | AD128: 4.1821637 | AE128: 7.263323 | AF128: 91.888885 | AG128: 14.486623 | AH128: =SUM(B128:V128) -> 318.45149
A129: 38138 | B129: 6.5686564 | C129: 25.347761 | D129: -0.11472827 | E129: 4.335011 | F129: 15.387978 | G129: 11.963944 | H129: 18.020245 | I129: 43.54448 | J129: 2.444221 | K129: 12.153316 | L129: 2.5720534 | M129: 3.7902913 | N129: 33.702602 | O129: 21.0982 | P129: 50.975174 | Q129: 2.0841846 | R129: 16.363028 | S129: 10.557735 | T129: 24.746904 | U129: 21.782715 | V129: 31.200764 | W129: 4.809639 | X129: 7.1879845 | Y129: 19.113049 | Z129: 1.6690552 | AA129: 4.536677 | AB129: 1.5551893 | AC129: 2.3180184 | AD129: 6.923367 | AE129: 1.344187 | AF129: 98.09207 | AG129: 17.88749 | AH129: =SUM(B129:V129) -> 358.52453
A130: 38168 | B130: 5.2082114 | C130: 24.743265 | D130: -0.80029136 | E130: -7.6235557 | F130: 14.869518 | G130: 18.798267 | H130: 16.989738 | I130: 44.917343 | J130: -0.6883816 | K130: 12.108569 | L130: 10.37643 | M130: 7.498422 | N130: 36.4418 | O130: 27.10432 | P130: 69.63714 | Q130: 6.328465 | R130: 19.543858 | S130: 11.764357 | T130: 47.437767 | U130: 20.80196 | V130: 49.973824 | W130: 18.478214 | X130: 5.3147407 | Y130: 22.323505 | Z130: 1.0556812 | AA130: 3.221059 | AB130: 1.9235759 | AC130: 0.9487055 | AD130: 9.864885 | AE130: -0.66813016 | AF130: 108.5487 | AG130: 22.24146 | AH130: =SUM(B130:V130) -> 435.43103
A131: 38199 | B131: 3.261625 | C131: 23.809464 | D131: -8.527399 | E131: -21.4279 | F131: 0.41884795 | G131: -0.9726347 | H131: 14.709156 | I131: 46.76174 | J131: -11.745514 | K131: 1.8162004 | L131: -1.1028126 | M131: -0.009853363 | N131: 27.68829 | O131: 34.741554 | P131: 47.43705 | Q131: 3.7750137 | R131: 17.01545 | S131: -5.0145884 | T131: 36.21534 | U131: 19.954668 | V131: 49.65197 | W131: 27.659552 | X131: 6.1864 | Y131: 22.568281 | Z131: 1.1161566 | AA131: 2.246566 | AB131: 1.3440719 | AC131: 1.9144413 | AD131: 9.303133 | AE131: 0.45277736 | AF131: 121.07278 | AG131: 24.483168 | AH131: =SUM(B131:V131) -> 278.45567
A132: 38230 | B132: 1.6638485 | C132: 22.465582 | D132: -3.6709392 | E132: -11.624948 | F132: 11.865385 | G132: 9.265517 | H132: 15.384886 | I132: 43.776714 | J132: -7.066481 | K132: 8.868953 | L132: -12.558756 | M132: 1.267288 | N132: 31.80043 | O132: 26.28653 | P132: 50.38445 | Q132: 2.617894 | R132: 17.612133 | S132: -0.04680583 | T132: 26.614153 | U132: 19.006947 | V132: 41.92388 | W132: 29.664309 | X132: 5.041322 | Y132: 23.48065 | Z132: 2.278503 | AA132: 2.8099756 | AB132: 2.0717921 | AC132: 2.4137573 | AD132: 7.7490187 | AE132: 0.3541791 | AF132: 114.58621 | AG132: 24.439413 | AH132: =SUM(B132:V132) -> 295.83666
A133: 38260 | B133: 2.1751966 | C133: 24.899681 | D133: 7.183168 | E133: 14.966663 | F133: 17.893911 | G133: 38.62692 | H133: 20.86038 | I133: 46.004505 | J133: 9.669997 | K133: 12.468015 | L133: -6.960372 | M133: 6.2883515 | N133: 40.493057 | O133: 22.446526 | P133: 63.67747 | Q133: 4.856283 | R133: 20.27815 | S133: 13.582971 | T133: 23.900047 | U133: 13.80615 | V133: 20.788576 | W133: 26.216002 | X133: 3.0281446 | Y133: 21.704147 | Z133: 4.615544 | AA133: 5.1361413 | AB133: 1.2777447 | AC133: 4.524489 | AD133: 5.002088 | AE133: 5.134449 | AF133: 104.27246 | AG133: 20.134611 | AH133: =SUM(B133:V133) -> 417.90565
... A265: 42277 | B265: 4.152891 | C265: 24.083857 | D265: -2.1370215 | E265: -6.642123 | F265: 12.748625 | G265: 12.636341 | H265: 14.666788 | I265: 40.61027 | J265: 11.099235 | K265: 5.344076 | L265: 3.752988 | M265: 4.6269927 | N265: 32.202503 | O265: 23.792542 | P265: 45.397747 | Q265: 4.1769357 | R265: 10.986903 | S265: 16.721708 | T265: 29.353224 | U265: 13.457047 | V265: 34.51096 | W265: 26.476078 | X265: -5.2409678 | Y265: 12.40329 | Z265: 5.443597 | AA265: 4.622883 | AB265: 1.9670107 | AC265: 3.9156723 | AD265: 4.991797 | AE265: 1.4791558 | AF265: 97.8211 | AG265: 20.23782 | AH265: =SUM(B265:V265) -> 335.54249

Sheet Updated_gw_inflows_1921-2015
A1: date | B1: gw_01 | C1: gw_02 | D1: gw_03 | E1: gw_04 | F1: gw_05 | G1: gw_06 | H1: gw_07 | I1: gw_08 | J1: gw_09 | K1: gw_10 | L1: gw_11 | M1: gw_12 | N1: gw_13 | O1: gw_14 | P1: gw_15 | Q1: gw_16 | R1: gw_17 | S1: gw_18 | T1: gw_19 | U1: gw_20 | V1: gw_21 | W1: gw_vc | X1: gw_sd | Y1: gw_ew | Z1: gw_av | AA1: gw_ch | AB1: gw_im | AC1: gw_mj | AD1: gw_ow | AE1: gw_sc | AF1: gw_mwd | AG1: gw_sbv
A2: 7975 | B2: 96.63 | C2: 141.14 | D2: 71.89 | E2: -29.14 | F2: 22.14 | G2: 69.15 | H2: 10.92 | I2: 38.7 | J2: -31.37 | K2: 10.34 | L2: 22.78 | M2: -5.47 | N2: 0.99 | O2: 66.93 | P2: -556.22 | Q2: 77.7 | R2: 20.04 | S2: 15.17 | T2: 171.53 | U2: 32 | V2: 165.45 | W2: 22.19 | X2: 11.19 | Y2: 11.03 | Z2: 0 | AA2: 0.86 | AB2: 2.39 | AC2: 0 | AD2: 3.86 | AE2: 9.87 | AF2: 65.81 | AG2: 16.42
A3: 8005 | B3: 56.45 | C3: 76.47 | D3: 46.97 | E3: -0.41 | F3: 22.28 | G3: 33.7 | H3: 5.68 | I3: 24.58 | J3: -9.85 | K3: 12.66 | L3: 8.14 | M3: -3.55 | N3: 4.96 | O3: 47.21 | P3: 10.38 | Q3: 46.4 | R3: 12.34 | S3: 8.17 | T3: 113.43 | U3: 22.47 | V3: 116.13 | W3: 15.43 | X3: 10.57 | Y3: 9.36 | Z3: 0 | AA3: 0.57 | AB3: 0 | AC3: 5.41 | AD3: 2.88 | AE3: 16.89 | AF3: 60.46 | AG3: 12.92
A4: 8036 | B4: 39.84 | C4: 58.81 | D4: 58.29 | E4: 69.07 | F4: 59.74 | G4: 78.23 | H4: 20.61 | I4: 32.84 | J4: 86.65 | K4: 80.04 | L4: 43.85 | M4: 41.6 | N4: 62.59 | O4: 38.57 | P4: 91.45 | Q4: 34.73 | R4: 12.91 | S4: 64.93 | T4: 101.53 | U4: 19.8 | V4: 86.89 | W4: 11.73 | X4: 12.26 | Y4: 12.27 | Z4: 29.79 | AA4: 49.32 | AB4: 8.18 | AC4: 6.02 | AD4: 2.97 | AE4: 15.73 | AF4: 69.56 | AG4: 11.2
A5: 8067 | B5: 28.79 | C5: 39.56 | D5: 23.07 | E5: 2.46 | F5: 4.95 | G5: 16.51 | H5: 3.76 | I5: 23.95 | J5: 35.68 | K5: 1.02 | L5: 22.49 | M5: 5.19 | N5: 19.64 | O5: 31.9 | P5: 54.75 | Q5: 25.4 | R5: 14.51 | S5: 34.69 | T5: 79.21 | U5: 17.98 | V5: 69.42 | W5: 4.26 | X5: 9.38 | Y5: 8.18 | Z5: 8.75 | AA5: 15.77 | AB5: 6.18 | AC5: 16.29 | AD5: 3.06 | AE5: 36.36 | AF5: 71.25 | AG5: 9.88
A6: 8095 | B6: 27.07 | C6: 47.48 | D6: 51.65 | E6: 83.15 | F6: 90.46 | G6: 124.31 | H6: 34.18 | I6: 54.4 | J6: 110.52 | K6: 59.97 | L6: 67.77 | M6: 43.37 | N6: 83.14 | O6: 28.56 | P6: 70.68 | Q6: 23.66 | R6: 18.96 | S6: 43.74 | T6: 73.8 | U6: 17.03 | V6: 58.68 | W6: 0 | X6: 2.96 | Y6: 3.21 | Z6: 0 | AA6: 3.01 | AB6: 5.95 | AC6: 8.67 | AD6: 3.49 | AE6: 36.76 | AF6: 59.39 | AG6: 10.08
A7: 8126 | B7: 22.1 | C7: 28.79 | D7: 9.16 | E7: 0.76 | F7: 12.14 | G7: -6.78 | H7: 9.58 | I7: 29.03 | J7: 7.08 | K7: -5.24 | L7: 8.86 | M7: 2.11 | N7: 26.09 | O7: 26.61 | P7: 73.42 | Q7: 21.49 | R7: 13.49 | S7: 40.11 | T7: 60.06 | U7: 15.03 | V7: 62.06 | W7: 0 | X7: 3.79 | Y7: 2.94 | Z7: 0.96 | AA7: 3.15 | AB7: 0.56 | AC7: 15.69 | AD7: 5.27 | AE7: 22.68 | AF7: 70.09 | AG7: 10.69
A8: 8156 | B8: 18.88 | C8: 21.65 | D8: 22.2 | E8: 15.15 | F8: 54.46 | G8: 0.86 | H8: 15.23 | I8: 29.79 | J8: 13.49 | K8: 9.31 | L8: 20.87 | M8: 10.46 | N8: 25.77 | O8: 24.76 | P8: 72.85 | Q8: 18.11 | R8: 12.78 | S8: 16.71 | T8: 51.46 | U8: 16.76 | V8: 52.24 | W8: 0 | X8: 4.59 | Y8: 4.09 | Z8: 0 | AA8: 0 | AB8: 0.22 | AC8: 5.46 | AD8: 6 | AE8: 9.84 | AF8: 86.72 | AG8: 14.64
A9: 8187 | B9: 13.53 | C9: 17.37 | D9: 10.83 | E9: 3.4 | F9: 82.39 | G9: -1.22 | H9: 24.18 | I9: 34.21 | J9: 71.22 | K9: 108.28 | L9: 117.71 | M9: 94.72 | N9: 88.52 | O9: 50.12 | P9: 247.29 | Q9: 23.07 | R9: 12.76 | S9: 56.92 | T9: 75.76 | U9: 15.38 | V9: 59.34 | W9: 4.88 | X9: 7.54 | Y9: 6.36 | Z9: 0 | AA9: 0 | AB9: 0 | AC9: 0 | AD9: 7.67 | AE9: 2.94 | AF9: 97.94 | AG9: 17.69
A10: 8217 | B10: 6.33 | C10: 9.96 | D10: 0.7 | E10: -53.63 | F10: -66.2 | G10: -29.38 | H10: -4.54 | I10: 25.05 | J10: 18.52 | K10: 22.37 | L10: 31.41 | M10: 40.47 | N10: 50.21 | O10: 71.17 | P10: 214.06 | Q10: 24.47 | R10: 18.16 | S10: 50.94 | T10: 62.82 | U10: 10.19 | V10: 58.25 | W10: 18.62 | X10: 12.84 | Y10: 12.41 | Z10: 0 | AA10: 0 | AB10: 0 | AC10: 0 | AD10: 7.25 | AE10: 0.33 | AF10: 107.19 | AG10: 22.83
A11: 8248 | B11: 3.23 | C11: 7.68 | D11: -1.82 | E11: -64.91 | F11: -74.61 | G11: -40.66 | H11: -19.26 | I11: 6.47 | J11: -55.15 | K11: -81.46 | L11: -105.85 | M11: -77.32 | N11: -20.09 | O11: 48.92 | P11: 45.22 | Q11: 11.2 | R11: 9 | S11: 19.94 | T11: 61.59 | U11: 13.36 | V11: 55.23 | W11: 30.39 | X11: 18.02 | Y11: 17.93 | Z11: 0 | AA11: 1 | AB11: 0.11 | AC11: 0 | AD11: 6.14 | AE11: 1 | AF11: 116.73 | AG11: 24.8
A12: 8279 | B12: 1.78 | C12: 7.02 | D12: 1.92 | E12: -37.31 | F12: -16.6 | G12: -25.66 | H12: -7.91 | I12: 4.91 | J12: -47.26 | K12: -58.3 | L12: -55.38 | M12: -38.88 | N12: -31.02 | O12: 41.65 | P12: 36.88 | Q12: 4.46 | R12: 4.48 | S12: 11.72 | T12: 56.68 | U12: 11.56 | V12: 52.98 | W12: 31.47 | X12: 20.32 | Y12: 20.38 | Z12: 0 | AA12: 0 | AB12: 2.17 | AC12: 0 | AD12: 5.6 | AE12: 0 | AF12: 118.71 | AG12: 23.65
A13: 8309 | B13: 1.76 | C13: 7.07 | D13: 3.55 | E13: -12.41 | F13: -5.83 | G13: -8.2 | H13: 1.49 | I13: 9.34 | J13: -17.13 | K13: -27.52 | L13: -22.15 | M13: -17.3 | N13: -11.6 | O13: 18.43 | P13: 5.8 | Q13: 5.22 | R13: 5.88 | S13: 3.86 | T13: 40.1 | U13: 11.08 | V13: 30.58 | W13: 26.1 | X13: 19.29 | Y13: 19.13 | Z13: 0 | AA13: 0 | AB13: 0 | AC13: 0 | AD13: 4.96 | AE13: 1.08 | AF13: 110.57 | AG13: 20.17
... A865: 34242 | B865: 1.4 | C865: 27.81 | D865: -2.21 | E865: -8.72 | F865: -15.67 | G865: 1.44 | H865: 16.67 | I865: 44.02 | J865: 9.6 | K865: 5.85 | L865: 4.95 | M865: 18.1 | N865: 34.22 | O865: 21.95 | P865: 47.48 | Q865: 16.4 | R865: 33.56 | S865: 34.61 | T865: 11.1 | U865: 15.68 | V865: 24.86 | W865: 26.1 | X865: 39.18 | Y865: 39.07 | Z865: 0 | AA865: 0 | AB865: 0 | AC865: 0 | AD865: 4.79 | AE865: 0 | AF865: 95.7 | AG865: 20.17
A866: 34273 | B866: 0.11 | C866: 22.36 | D866: -4.91 | E866: -15.83 | F866: 6.95 | G866: 0.41 | H866: 16.27 | I866: 45.1 | J866: 6.31 | K866: 3.72 | L866: 11.68 | M866: 5.46 | N866: 34.89 | O866: 14.67 | P866: 69.63 | Q866: 8.74 | R866: 16.98 | S866: 10.48 | T866: 17.8 | U866: 7.32 | V866: 24.93 | W866: ='extended_recharge_2003-2015'!W2 -> 21.871374 | X866: ='extended_recharge_2003-2015'!X2 -> 34.237675 | Y866: ='extended_recharge_2003-2015'!Y2 -> 34.50676 | Z866: ='extended_recharge_2003-2015'!Z2 -> 3.857597 | AA866: ='extended_recharge_2003-2015'!AA2 -> 7.7683287 | AB866: ='extended_recharge_2003-2015'!AB2 -> 2.114956 | AC866: ='extended_recharge_2003-2015'!AC2 -> 5.0674186 | AD866: ='extended_recharge_2003-2015'!AD2 -> 2.54956 | ... AG866: ='extended_recharge_2003-2015'!AG2 -> 16.451096
A867: 34303 | B867: -1.43 | C867: 21.57 | D867: -1.18 | E867: -7.97 | F867: 7.46 | G867: 9.12 | H867: 15.41 | I867: 41.95 | J867: 4.67 | K867: -0.6 | L867: -13.04 | M867: -9.04 | N867: 20.1 | O867: 20.99 | P867: 30.72 | Q867: 6.97 | R867: 15.86 | S867: 19.49 | T867: 18.1 | U867: 10.1 | V867: 16.01 | W867: ='extended_recharge_2003-2015'!W3 -> 15.723259 | X867: ='extended_recharge_2003-2015'!X3 -> 26.030184 | Y867: ='extended_recharge_2003-2015'!Y3 -> 25.059002 | Z867: ='extended_recharge_2003-2015'!Z3 -> 8.135777 | AA867: ='extended_recharge_2003-2015'!AA3 -> 9.74623 | AB867: ='extended_recharge_2003-2015'!AB3 -> 1.326998 | AC867: ='extended_recharge_2003-2015'!AC3 -> 6.3764386 | AD867: ='extended_recharge_2003-2015'!AD3 -> 1.9304383 | ... AG867: ='extended_recharge_2003-2015'!AG3 -> 12.948066
A868: 34334 | B868: -0.28 | C868: 23.98 | D868: 11.58 | E868: 30.73 | F868: 45.79 | G868: 23.3 | H868: 22.78 | I868: 43.04 | J868: 9.26 | K868: 5.4 | L868: -3.76 | M868: -1.05 | N868: 18.04 | O868: 21.84 | P868: 30.26 | Q868: 5.71 | R868: 14.43 | S868: 15.57 | T868: 19.97 | U868: 10.89 | V868: 12.53 | W868: ='extended_recharge_2003-2015'!W4 -> 11.548182 | X868: ='extended_recharge_2003-2015'!X4 -> 24.230064 | Y868: ='extended_recharge_2003-2015'!Y4 -> 24.380075 | Z868: ='extended_recharge_2003-2015'!Z4 -> 6.6131706 | AA868: ='extended_recharge_2003-2015'!AA4 -> 14.045876 | AB868: ='extended_recharge_2003-2015'!AB4 -> 3.1878486 | AC868: ='extended_recharge_2003-2015'!AC4 -> 3.1082306 | AD868: ='extended_recharge_2003-2015'!AD4 -> 1.5775268 | ... AG868: ='extended_recharge_2003-2015'!AG4 -> 11.252831
A869: 34365 | B869: -8.38 | C869: 18.68 | D869: 2.91 | E869: -0.57 | F869: -5.56 | G869: 13.95 | H869: 9.21 | I869: 37.19 | J869: 12.25 | K869: 14.44 | L869: 1.96 | M869: 3.24 | N869: 22.84 | O869: 16.33 | P869: 31.99 | Q869: 2.9 | R869: 14.43 | S869: 12.98 | T869: 14.04 | U869: 9.53 | V869: 13.06 | W869: ='extended_recharge_2003-2015'!W5 -> 4.426858 | X869: ='extended_recharge_2003-2015'!X5 -> 28.829979 | Y869: ='extended_recharge_2003-2015'!Y5 -> 28.533644 | Z869: ='extended_recharge_2003-2015'!Z5 -> 13.602692 | AA869: ='extended_recharge_2003-2015'!AA5 -> 10.965436 | AB869: ='extended_recharge_2003-2015'!AB5 -> 4.506493 | AC869: ='extended_recharge_2003-2015'!AC5 -> 17.1744 | AD869: ='extended_recharge_2003-2015'!AD5 -> 1.7060796 | ... AG869: ='extended_recharge_2003-2015'!AG5 -> 9.709321
A870: 34393 | B870: -5.49 | C870: 24.52 | D870: 16.48 | E870: 36.03 | F870: 22.22 | G870: 42.49 | H870: 14.84 | I870: 39.02 | J870: 33.15 | K870: 33.65 | L870: -2.22 | M870: 3.23 | N870: 36.6 | O870: 18.36 | P870: 54.7 | Q870: 1.24 | R870: 13.38 | S870: 34.93 | T870: 22.96 | U870: 9.03 | V870: 10.73 | W870: ='extended_recharge_2003-2015'!W6 -> 0.3378278 | X870: ='extended_recharge_2003-2015'!X6 -> 21.973269 | Y870: ='extended_recharge_2003-2015'!Y6 -> 23.303251 | Z870: ='extended_recharge_2003-2015'!Z6 -> 13.272818 | AA870: ='extended_recharge_2003-2015'!AA6 -> 7.800194 | AB870: ='extended_recharge_2003-2015'!AB6 -> 5.9124403 | AC870: ='extended_recharge_2003-2015'!AC6 -> 13.942471 | AD870: ='extended_recharge_2003-2015'!AD6 -> 2.720912 | ... AG870: ='extended_recharge_2003-2015'!AG6 -> 9.797642
A871: 34424 | B871: 0.23 | C871: 16.76 | D871: -13.37 | E871: -30.33 | F871: -0.96 | G871: -18.84 | H871: 10.3 | I871: 39.56 | J871: 2.9 | K871: -0.48 | L871: 18.78 | M871: 3.13 | N871: 26.18 | O871: 21.73 | P871: 45.8 | Q871: 4.62 | R871: 8.88 | S871: 7.19 | T871: 23.87 | U871: 8 | V871: 17.48 | W871: ='extended_recharge_2003-2015'!W7 -> 0.12868544 | X871: ='extended_recharge_2003-2015'!X7 -> 23.730965 | Y871: ='extended_recharge_2003-2015'!Y7 -> 23.548643 | Z871: ='extended_recharge_2003-2015'!Z7 -> 4.0629616 | AA871: ='extended_recharge_2003-2015'!AA7 -> 1.7345904 | AB871: ='extended_recharge_2003-2015'!AB7 -> 3.4133432 | AC871: ='extended_recharge_2003-2015'!AC7 -> 13.968452 | AD871: ='extended_recharge_2003-2015'!AD7 -> 3.6903062 | ... AG871: ='extended_recharge_2003-2015'!AG7 -> 10.850901
A872: 34454 | B872: 1.23 | C872: 20.47 | D872: 22.24 | E872: 2.83 | F872: 35.85 | G872: -8.96 | H872: 15.43 | I872: 43.98 | J872: 2.67 | K872: 0.45 | L872: 1.75 | M872: 11.14 | N872: 23.61 | O872: 22.26 | P872: 28.83 | Q872: 3.86 | R872: 19.12 | S872: 15.14 | T872: 14 | U872: 16.51 | V872: 12.83 | W872: ='extended_recharge_2003-2015'!W8 -> -0.19322467 | X872: ='extended_recharge_2003-2015'!X8 -> 24.901785 | Y872: ='extended_recharge_2003-2015'!Y8 -> 25.674072 | Z872: ='extended_recharge_2003-2015'!Z8 -> 0.8840143 | AA872: ='extended_recharge_2003-2015'!AA8 -> 5.668923 | AB872: ='extended_recharge_2003-2015'!AB8 -> 0.60516423 | AC872: ='extended_recharge_2003-2015'!AC8 -> -1.0090711 | AD872: ='extended_recharge_2003-2015'!AD8 -> 5.4202137 | ... AG872: ='extended_recharge_2003-2015'!AG8 -> 14.458074
A873: 34485 | B873: 3.07 | C873: 20.3 | D873: 2.57 | E873: 22.2 | F873: 13.49 | G873: 10.5 | H873: 17.15 | I873: 37.6 | J873: -0.72 | K873: 19.24 | L873: -1 | M873: 8.12 | N873: 32.29 | O873: 21.59 | P873: 52.99 | Q873: -4.67 | R873: 13.74 | S873: 6.04 | T873: 15.12 | U873: 12.86 | V873: 23.96 | W873: ='extended_recharge_2003-2015'!W9 -> 5.2186975 | X873: ='extended_recharge_2003-2015'!X9 -> 33.280865 | Y873: ='extended_recharge_2003-2015'!Y9 -> 34.510742 | Z873: ='extended_recharge_2003-2015'!Z9 -> 1.0222042 | AA873: ='extended_recharge_2003-2015'!AA9 -> 6.250248 | AB873: ='extended_recharge_2003-2015'!AB9 -> 1.1904258 | AC873: ='extended_recharge_2003-2015'!AC9 -> -2.0146475 | AD873: ='extended_recharge_2003-2015'!AD9 -> 8.882938 | ... AG873: ='extended_recharge_2003-2015'!AG9 -> 17.614422
A874: 34515 | B874: 3.72 | C874: 19.33 | D874: 6.96 | E874: 21.99 | F874: 31.73 | G874: -1.67 | H874: 20.55 | I874: 36.46 | J874: -7.81 | K874: 52.51 | L874: 1.04 | M874: 6.69 | N874: 43.42 | O874: 34.7 | P874: 99.66 | Q874: 7.01 | R874: 20.53 | S874: 4.21 | T874: 38.52 | U874: 17.87 | V874: 42.13 | W874: ='extended_recharge_2003-2015'!W10 -> 17.746855 | X874: ='extended_recharge_2003-2015'!X10 -> 36.745384 | Y874: ='extended_recharge_2003-2015'!Y10 -> 41.286743 | Z874: ='extended_recharge_2003-2015'!Z10 -> 0.52024686 | AA874: ='extended_recharge_2003-2015'!AA10 -> 2.1276238 | AB874: ='extended_recharge_2003-2015'!AB10 -> 0.5396043 | AC874: ='extended_recharge_2003-2015'!AC10 -> -2.0504618 | AD874: ='extended_recharge_2003-2015'!AD10 -> 9.715684 | ... AG874: ='extended_recharge_2003-2015'!AG10 -> 22.361197
A875: 34546 | B875: 4.75 | C875: 22.74 | D875: 15.63 | E875: 45.18 | F875: 42.96 | G875: 15.76 | H875: 25.45 | I875: 40.91 | J875: -6.57 | K875: 52.65 | L875: 9.9 | M875: 14.28 | N875: 45.62 | O875: 46.05 | P875: 105.23 | Q875: 3.58 | R875: 22.44 | S875: 18.26 | T875: 42.22 | U875: 28.42 | V875: 43.16 | W875: ='extended_recharge_2003-2015'!W11 -> 29.997274 | X875: ='extended_recharge_2003-2015'!X11 -> 34.96327 | Y875: ='extended_recharge_2003-2015'!Y11 -> 43.488667 | Z875: ='extended_recharge_2003-2015'!Z11 -> 0.42083076 | AA875: ='extended_recharge_2003-2015'!AA11 -> 5.2642384 | AB875: ='extended_recharge_2003-2015'!AB11 -> 0.4474291 | AC875: ='extended_recharge_2003-2015'!AC11 -> 0.5346273 | AD875: ='extended_recharge_2003-2015'!AD11 -> 9.450683 | ... AG875: ='extended_recharge_2003-2015'!AG11 -> 24.716736
A876: 34577 | B876: 3.94 | C876: 21.94 | D876: 7.51 | E876: 34.35 | F876: 26.73 | G876: 11.52 | H876: 21.97 | I876: 37.87 | J876: 0.97 | K876: 51.82 | L876: 6.29 | M876: 11.26 | N876: 39.16 | O876: 54.3 | P876: 102.84 | Q876: 5.09 | R876: 16.74 | S876: 19.29 | T876: 43.42 | U876: 25.38 | V876: 47.33 | W876: ='extended_recharge_2003-2015'!W12 -> 31.963167 | X876: ='extended_recharge_2003-2015'!X12 -> 36.998253 | Y876: ='extended_recharge_2003-2015'!Y12 -> 44.66628 | Z876: ='extended_recharge_2003-2015'!Z12 -> 1.7241063 | AA876: ='extended_recharge_2003-2015'!AA12 -> 0.7240051 | AB876: ='extended_recharge_2003-2015'!AB12 -> 0.46418583 | AC876: ='extended_recharge_2003-2015'!AC12 -> 2.6025705 | AD876: ='extended_recharge_2003-2015'!AD12 -> 5.764818 | ... AG876: ='extended_recharge_2003-2015'!AG12 -> 23.873682
A877: 34607 | B877: 1.29 | C877: 26.25 | D877: 1.78 | E877: 10.88 | F877: 23.28 | G877: 11.44 | H877: 25.5 | I877: 45.72 | J877: 11.05 | K877: -2.28 | L877: 1.12 | M877: 6.38 | N877: 26.17 | O877: 19.09 | P877: 33.24 | Q877: 6.94 | R877: 19.82 | S877: 1.7 | T877: 10.35 | U877: 12.56 | V877: 16.03 | W877: ='extended_recharge_2003-2015'!W13 -> 26.832727 | X877: ='extended_recharge_2003-2015'!X13 -> 30.818027 | Y877: ='extended_recharge_2003-2015'!Y13 -> 38.385254 | Z877: ='extended_recharge_2003-2015'!Z13 -> 0.9444799 | AA877: ='extended_recharge_2003-2015'!AA13 -> 1.713572 | AB877: ='extended_recharge_2003-2015'!AB13 -> 0.7017208 | AC877: ='extended_recharge_2003-2015'!AC13 -> 3.1341667 | AD877: ='extended_recharge_2003-2015'!AD13 -> 3.9035819 | ... AG877: ='extended_recharge_2003-2015'!AG13 -> 19.99197
... A985: 37894 | B985: 1.23 | C985: 26.96 | D985: 1.21 | E985: -16.42 | F985: -3.35 | G985: 5.45 | H985: 17.12 | I985: 47.61 | J985: 2.04 | K985: 7.16 | L985: 1.01 | M985: 10.74 | N985: 38.13 | O985: 24.34 | P985: 36.81 | Q985: 6.45 | R985: 23.16 | S985: -7.59 | T985: 11 | U985: 17.44 | V985: 21.23 | W985: ='extended_recharge_2003-2015'!W121 -> 26.839758 | X985: ='extended_recharge_2003-2015'!X121 -> 3.501778 | Y985: ='extended_recharge_2003-2015'!Y121 -> 20.074682 | Z985: ='extended_recharge_2003-2015'!Z121 -> 4.428056 | AA985: ='extended_recharge_2003-2015'!AA121 -> 4.642988 | AB985: ='extended_recharge_2003-2015'!AB121 -> 0.7912726 | AC985: ='extended_recharge_2003-2015'!AC121 -> 3.5981715 | AD985: ='extended_recharge_2003-2015'!AD121 -> 5.2462735 | ... AG985: ='extended_recharge_2003-2015'!AG121 -> 20.527807
A986: 37925 | B986: ='extended_recharge_2003-2015'!B122 -> 1.3685629 | C986: ='extended_recharge_2003-2015'!C122 -> 26.754108 | D986: ='extended_recharge_2003-2015'!D122 -> 2.2593985 | E986: ='extended_recharge_2003-2015'!E122 -> -3.5846508 | F986: ='extended_recharge_2003-2015'!F122 -> 4.818509 | G986: ='extended_recharge_2003-2015'!G122 -> 36.090237 | H986: ='extended_recharge_2003-2015'!H122 -> 18.054737 | I986: ='extended_recharge_2003-2015'!I122 -> 46.652557 | ... AG986: ='extended_recharge_2003-2015'!AG122 -> 16.525621
A987: 37955 | B987: ='extended_recharge_2003-2015'!B123 -> -0.17777371 | C987: ='extended_recharge_2003-2015'!C123 -> 27.228287 | D987: ='extended_recharge_2003-2015'!D123 -> 19.277822 | E987: ='extended_recharge_2003-2015'!E123 -> 18.565145 | F987: ='extended_recharge_2003-2015'!F123 -> 18.07959 | G987: ='extended_recharge_2003-2015'!G123 -> 53.426556 | H987: ='extended_recharge_2003-2015'!H123 -> 20.897732 | I987: ='extended_recharge_2003-2015'!I123 -> 49.707245 | ... AG987: ='extended_recharge_2003-2015'!AG123 -> 12.980929
A988: 37986 | B988: ='extended_recharge_2003-2015'!B124 -> 0.74819213 | C988: ='extended_recharge_2003-2015'!C124 -> 29.684435 | D988: ='extended_recharge_2003-2015'!D124 -> 27.01362 | E988: ='extended_recharge_2003-2015'!E124 -> 45.34725 | F988: ='extended_recharge_2003-2015'!F124 -> 24.606016 | G988: ='extended_recharge_2003-2015'!G124 -> 74.1482 | H988: ='extended_recharge_2003-2015'!H124 -> 24.533842 | I988: ='extended_recharge_2003-2015'!I124 -> 46.093163 | ... AG988: ='extended_recharge_2003-2015'!AG124 -> 11.109076
A989: 38017 | B989: ='extended_recharge_2003-2015'!B125 -> 0.49646723 | C989: ='extended_recharge_2003-2015'!C125 -> 30.536335 | D989: ='extended_recharge_2003-2015'!D125 -> 8.377606 | E989: ='extended_recharge_2003-2015'!E125 -> 5.917155 | F989: ='extended_recharge_2003-2015'!F125 -> 23.295614 | G989: ='extended_recharge_2003-2015'!G125 -> 26.38841 | H989: ='extended_recharge_2003-2015'!H125 -> 12.626642 | I989: ='extended_recharge_2003-2015'!I125 -> 42.50186 | ... AG989: ='extended_recharge_2003-2015'!AG125 -> 9.760869
A990: 38046 | B990: ='extended_recharge_2003-2015'!B126 -> 0.02880851 | C990: ='extended_recharge_2003-2015'!C126 -> 22.510693 | D990: ='extended_recharge_2003-2015'!D126 -> -11.776416 | E990: ='extended_recharge_2003-2015'!E126 -> -32.985332 | F990: ='extended_recharge_2003-2015'!F126 -> 6.128364 | G990: ='extended_recharge_2003-2015'!G126 -> -11.829907 | H990: ='extended_recharge_2003-2015'!H126 -> 11.644066 | I990: ='extended_recharge_2003-2015'!I126 -> 37.581 | ... AG990: ='extended_recharge_2003-2015'!AG126 -> 10.230556
A991: 38077 | B991: ='extended_recharge_2003-2015'!B127 -> 0.527503 | C991: ='extended_recharge_2003-2015'!C127 -> 21.323227 | D991: ='extended_recharge_2003-2015'!D127 -> -6.6888385 | E991: ='extended_recharge_2003-2015'!E127 -> -27.56675 | F991: ='extended_recharge_2003-2015'!F127 -> 0.21121763 | G991: ='extended_recharge_2003-2015'!G127 -> -10.375011 | H991: ='extended_recharge_2003-2015'!H127 -> 13.491072 | I991: ='extended_recharge_2003-2015'!I127 -> 38.35738 | ... AG991: ='extended_recharge_2003-2015'!AG127 -> 10.967705
A992: 38107 | B992: ='extended_recharge_2003-2015'!B128 -> 3.1096375 | C992: ='extended_recharge_2003-2015'!C128 -> 23.66593 | D992: ='extended_recharge_2003-2015'!D128 -> 0.08744535 | E992: ='extended_recharge_2003-2015'!E128 -> 8.954406 | F992: ='extended_recharge_2003-2015'!F128 -> 20.10053 | G992: ='extended_recharge_2003-2015'!G128 -> 1.9513419 | H992: ='extended_recharge_2003-2015'!H128 -> 15.09849 | I992: ='extended_recharge_2003-2015'!I128 -> 45.460117 | ... AG992: ='extended_recharge_2003-2015'!AG128 -> 14.486623
A993: 38138 | B993: ='extended_recharge_2003-2015'!B129 -> 6.5686564 | C993: ='extended_recharge_2003-2015'!C129 -> 25.347761 | D993: ='extended_recharge_2003-2015'!D129 -> -0.11472827 | E993: ='extended_recharge_2003-2015'!E129 -> 4.335011 | F993: ='extended_recharge_2003-2015'!F129 -> 15.387978 | G993: ='extended_recharge_2003-2015'!G129 -> 11.963944 | H993: ='extended_recharge_2003-2015'!H129 -> 18.020245 | I993: ='extended_recharge_2003-2015'!I129 -> 43.54448 | ... AG993: ='extended_recharge_2003-2015'!AG129 -> 17.88749
A994: 38168 | B994: ='extended_recharge_2003-2015'!B130 -> 5.2082114 | C994: ='extended_recharge_2003-2015'!C130 -> 24.743265 | D994: ='extended_recharge_2003-2015'!D130 -> -0.80029136 | E994: ='extended_recharge_2003-2015'!E130 -> -7.6235557 | F994: ='extended_recharge_2003-2015'!F130 -> 14.869518 | G994: ='extended_recharge_2003-2015'!G130 -> 18.798267 | H994: ='extended_recharge_2003-2015'!H130 -> 16.989738 | I994: ='extended_recharge_2003-2015'!I130 -> 44.917343 | ... AG994: ='extended_recharge_2003-2015'!AG130 -> 22.24146
A995: 38199 | B995: ='extended_recharge_2003-2015'!B131 -> 3.261625 | C995: ='extended_recharge_2003-2015'!C131 -> 23.809464 | D995: ='extended_recharge_2003-2015'!D131 -> -8.527399 | E995: ='extended_recharge_2003-2015'!E131 -> -21.4279 | F995: ='extended_recharge_2003-2015'!F131 -> 0.41884795 | G995: ='extended_recharge_2003-2015'!G131 -> -0.9726347 | H995: ='extended_recharge_2003-2015'!H131 -> 14.709156 | I995: ='extended_recharge_2003-2015'!I131 -> 46.76174 | ... AG995: ='extended_recharge_2003-2015'!AG131 -> 24.483168
A996: 38230 | B996: ='extended_recharge_2003-2015'!B132 -> 1.6638485 | C996: ='extended_recharge_2003-2015'!C132 -> 22.465582 | D996: ='extended_recharge_2003-2015'!D132 -> -3.6709392 | E996: ='extended_recharge_2003-2015'!E132 -> -11.624948 | F996: ='extended_recharge_2003-2015'!F132 -> 11.865385 | G996: ='extended_recharge_2003-2015'!G132 -> 9.265517 | H996: ='extended_recharge_2003-2015'!H132 -> 15.384886 | I996: ='extended_recharge_2003-2015'!I132 -> 43.776714 | ... AG996: ='extended_recharge_2003-2015'!AG132 -> 24.439413
A997: 38260 | B997: ='extended_recharge_2003-2015'!B133 -> 2.1751966 | C997: ='extended_recharge_2003-2015'!C133 -> 24.899681 | D997: ='extended_recharge_2003-2015'!D133 -> 7.183168 | E997: ='extended_recharge_2003-2015'!E133 -> 14.966663 | F997: ='extended_recharge_2003-2015'!F133 -> 17.893911 | G997: ='extended_recharge_2003-2015'!G133 -> 38.62692 | H997: ='extended_recharge_2003-2015'!H133 -> 20.86038 | I997: ='extended_recharge_2003-2015'!I133 -> 46.004505 | ... AG997: ='extended_recharge_2003-2015'!AG133 -> 20.134611
... A1129: 42277 | B1129: ='extended_recharge_2003-2015'!B265 -> 4.152891 | C1129: ='extended_recharge_2003-2015'!C265 -> 24.083857 | D1129: ='extended_recharge_2003-2015'!D265 -> -2.1370215 | E1129: ='extended_recharge_2003-2015'!E265 -> -6.642123 | F1129: ='extended_recharge_2003-2015'!F265 -> 12.748625 | G1129: ='extended_recharge_2003-2015'!G265 -> 12.636341 | H1129: ='extended_recharge_2003-2015'!H265 -> 14.666788 | I1129: ='extended_recharge_2003-2015'!I265 -> 40.61027 | ... AG1129: ='extended_recharge_2003-2015'!AG265 -> 20.23782

Sheet initial_ending_storage
B1: old CALVIN | E1: new CALVIN
A2: basin | B2: initial storage (1921) | C2: ending storage (2003) | D2: overdraft | E2: initial storage (1921) | F2: ending storage (2015) | G2: overdraft
A3: gw_01 | B3: 38447 | C3: 39437 | D3: =C3-B3 -> 990 | E3: =B3 -> 38447 | F3: =C3+D3/984*144 -> 39581.878 | G3: =F3-E3 -> 1134.878
A4: gw_02 | B4: 136494 | C4: 136494 | D4: =C4-B4 -> 0 | E4: =B4 -> 136494 | F4: =E4 -> 136494 | G4: =F4-E4 -> 0
A5: gw_03 | B5: 132687 | C5: 131748 | D5: =C5-B5 -> -939 | E5: =B5 -> 132687 | F5: =C5+D5/984*144 -> 131610.59 | G5: =F5-E5 -> -1076.4146
A6: gw_04 | B6: 60728 | C6: 60508 | D6: =C6-B6 -> -220 | E6: =B6 -> 60728 | F6: =C6+D6/984*144 -> 60475.805 | G6: =F6-E6 -> -252.19512
A7: gw_05 | B7: 91113 | C7: 90457 | D7: =C7-B7 -> -656 | E7: =B7 -> 91113 | F7: =C7+D7/984*144 -> 90361 | G7: =F7-E7 -> -752
A8: gw_06 | B8: 174968 | C8: 175275 | D8: =C8-B8 -> 307 | E8: =B8 -> 174968 | F8: =C8+D8/984*144 -> 175319.93 | G8: =F8-E8 -> 351.92683
A9: gw_07 | B9: 56539 | C9: 51210 | D9: =C9-B9 -> -5329 | E9: =B9 -> 56539 | F9: =C9+D9/984*144 -> 50430.146 | G9: =F9-E9 -> -6108.8537
A10: gw_08 | B10: 190665 | C10: 182829 | D10: =C10-B10 -> -7836 | E10: =B10 -> 190665 | F10: =C10+D10/984*144 -> 181682.27 | G10: =F10-E10 -> -8982.7317
A11: gw_09 | B11: 139472 | C11: 139843 | D11: =C11-B11 -> 371 | E11: =B11 -> 139472 | F11: =C11+D11/984*144 -> 139897.29 | G11: =F11-E11 -> 425.29268
A12: gw_10 | B12: 90210 | C12: 87055 | D12: =C12-B12 -> -3155 | E12: =B12 -> 90210 | F12: =C12+D12/984*144 -> 86593.293 | G12: =F12-E12 -> -3616.7073
A13: gw_11 | B13: 58838 | C13: 58246 | D13: =C13-B13 -> -592 | E13: =B13 -> 58838 | F13: =C13+D13/984*144 -> 58159.366 | G13: =F13-E13 -> -678.63415
A14: gw_12 | B14: 42602 | C14: 40865 | D14: =C14-B14 -> -1737 | E14: =B14 -> 42602 | F14: =C14+D14/984*144 -> 40610.805 | G14: =F14-E14 -> -1991.1951
A15: gw_13 | B15: 138216 | C15: 128560 | D15: =C15-B15 -> -9656 | E15: =B15 -> 138216 | F15: =C15+D15/984*144 -> 127146.93 | G15: =F15-E15 -> -11069.073
A16: gw_14 | B16: 178840 | C16: 172009 | D16: =C16-B16 -> -6831 | E16: =B16 -> 178840 | F16: =C16+D16/984*144 -> 171009.34 | G16: =F16-E16 -> -7830.6585
... A23: gw_21 | B23: 341142 | C23: 324302 | D23: =C23-B23 -> -16840 | E23: =B23 -> 341142 | F23: =C23+D23/984*144 -> 321837.61 | G23: =F23-E23 -> -19304.39
A24: gw_vc | B24: 275 | C24: 275 | D24: =C24-B24 -> 0 | E24: =B24 -> 275 | F24: =C24 -> 275 | G24: =F24-E24 -> 0
A25: gw_sd | B25: 7000 | C25: 7000 | D25: =C25-B25 -> 0 | E25: =B25 -> 7000 | F25: =C25 -> 7000 | G25: =F25-E25 -> 0
A26: gw_ew | B26: 7000 | C26: 7000 | D26: =C26-B26 -> 0 | E26: =B26 -> 7000 | F26: =C26 -> 7000 | G26: =F26-E26 -> 0
A27: gw_av | B27: 20000 | C27: 20000 | D27: =C27-B27 -> 0 | E27: =B27 -> 20000 | F27: =C27 -> 20000 | G27: =F27-E27 -> 0
A28: gw_ch | B28: 3500 | C28: 3500 | D28: =C28-B28 -> 0 | E28: =B28 -> 3500 | F28: =C28 -> 3500 | G28: =F28-E28 -> 0
A29: gw_im | B29: 930 | C29: 930 | D29: =C29-B29 -> 0 | E29: =B29 -> 930 | F29: =C29 -> 930 | G29: =F29-E29 -> 0
A30: gw_mj | B30: 2580 | C30: 2580 | D30: =C30-B30 -> 0 | E30: =B30 -> 2580 | F30: =C30 -> 2580 | G30: =F30-E30 -> 0
A31: gw_ow | B31: 30000 | C31: 30000 | D31: =C31-B31 -> 0 | E31: =B31 -> 30000 | F31: =C31 -> 30000 | G31: =F31-E31 -> 0
A32: gw_sc | B32: 425 | C32: 425 | D32: =C32-B32 -> 0 | E32: =B32 -> 425 | F32: =C32 -> 425 | G32: =F32-E32 -> 0
A33: gw_mwd | B33: 750 | C33: 750 | D33: =C33-B33 -> 0 | E33: =B33 -> 750 | F33: =C33 -> 750 | G33: =F33-E33 -> 0
A34: gw_sbv | B34: 2500 | C34: 2500 | D34: =C34-B34 -> 0 | E34: =B34 -> 2500 | F34: =C34 -> 2500 | G34: =F34-E34 -> 0
A35: Total | B35: =SUM(B3:B34) -> 3017672 | C35: =SUM(C3:C34) -> 2933289 | D35: =IF(C35<B35,C35-B35,0) -> -84383 | E35: =SUM(E3:E34) -> 3017672 | F35: =SUM(F3:F34) -> 2920940.3 | G35: =IF(F35<E35,F35-E35,0) -> -96731.732
